<?xml version="1.0" encoding="UTF-8" ?>
<!DOCTYPE configuration
  PUBLIC "-//mybatis.org//DTD Config 3.0//EN"
  "https://mybatis.org/dtd/mybatis-3-config.dtd">
<configuration>
	<settings>
		<!-- 필수 표기법 전환 -->
		<setting name="mapUnderscoreToCamelCase" value="true"/>
		<setting name="jdbcTypeForNull" value="NULL"/>		
	</settings>
	<typeAliases>
		<!-- VO 클래스에 대한 별칭 설정 -->
		<package name="com.yedam.spring"/>
	</typeAliases>
	<typeHandlers>
		<typeHandler javaType="java.sql.Date" handler="org.apache.ibatis.type.DateTypeHandler"/>
	</typeHandlers>
</configuration>