<?xml version="1.0" encoding="UTF-8" ?>
<!DOCTYPE tiles-definitions PUBLIC
       "-//Apache Software Foundation//DTD Tiles Configuration 3.0//EN"
       "http://tiles.apache.org/dtds/tiles-config_3_0.dtd">
<tiles-definitions>
	<definition name="mainTemplate" template="/WEB-INF/views/tiles/layout.jsp">
		<put-attribute name="header" value="/WEB-INF/views/tiles/header.jsp"/>
	</definition>
	
	<definition name="home" extends="mainTemplate">
		<put-attribute name="main" value="/WEB-INF/views/home.jsp"/>
	</definition>
	
	<definition name="*/*" extends="mainTemplate">
		<put-attribute name="main" value="/WEB-INF/views/{1}/{2}.jsp"></put-attribute>
	</definition>
	
</tiles-definitions>